vuelta_id,estilo_piloto,circuito,velocidad_max_kmh,velocidad_media_kmh,frenadas_fuertes,g_lateral_max,tiempo_vuelta_s,desgaste_neumatico_pct,combustible_consumido_l
1,Agresivo,Suzuka,300.6,181.3,21,4.02,93.89,37.5,4.87
2,Agresivo,Monza,324.5,162.8,19,4.02,92.04,28.4,4.04
3,Agresivo,Suzuka,330.1,172.9,25,4.39,94.48,28.1,4.77
4,Agresivo,Suzuka,316.1,169.2,21,4.76,90.69,29.3,3.92
5,Agresivo,Interlagos,312.2,168.9,18,4.53,92.29,41.6,4.25
6,Agresivo,Barcelona,309.7,178.3,23,4.38,93.64,28.6,4.07
7,Agresivo,Silverstone,344.3,184.2,19,4.18,91.63,39.7,4.0
8,Agresivo,Silverstone,305.5,168.9,28,4.45,92.87,30.4,4.67
9,Agresivo,Spa,318.1,169.0,28,4.49,89.76,32.5,4.72
10,Agresivo,Monza,306.5,162.8,23,4.2,88.53,40.8,4.48
11,Agresivo,Suzuka,310.7,179.0,24,4.68,93.14,30.0,3.97
12,Agresivo,Suzuka,323.1,168.8,27,4.23,92.67,33.1,5.0
13,Agresivo,Spa,320.5,164.4,18,4.66,89.22,30.2,4.62
14,Agresivo,Barcelona,298.2,171.9,25,4.33,95.77,40.1,3.81
15,Agresivo,Suzuka,300.7,185.0,22,4.57,90.72,32.1,3.99
16,Agresivo,Monza,342.7,184.8,22,4.77,94.1,35.1,3.93
17,Agresivo,Suzuka,309.9,178.6,27,4.0,90.99,30.3,4.94
18,Agresivo,Barcelona,340.9,177.6,25,3.82,95.43,40.3,4.8
19,Agresivo,Silverstone,307.0,168.3,27,4.75,88.69,34.8,3.88
20,Agresivo,Interlagos,321.6,165.3,28,4.28,92.4,31.7,4.85
21,Agresivo,Monaco,343.2,186.2,21,4.51,91.19,37.4,4.25
22,Agresivo,Barcelona,317.6,168.4,19,4.14,92.71,31.2,4.06
23,Agresivo,Monza,330.4,163.5,19,4.71,94.88,29.0,4.09
24,Agresivo,Suzuka,319.3,176.0,27,4.38,89.94,34.6,4.29
25,Agresivo,Monza,299.8,173.2,24,4.21,94.91,28.8,4.58
26,Agresivo,Suzuka,299.9,172.5,23,4.6,88.87,30.7,4.44
27,Agresivo,Spa,316.1,169.2,21,4.67,88.6,39.3,4.83
28,Agresivo,Monza,297.5,188.0,18,4.77,95.41,39.9,4.0
29,Agresivo,Monaco,319.1,184.5,18,3.96,88.02,33.5,4.91
30,Agresivo,Interlagos,317.8,173.0,26,4.46,91.89,30.7,4.06
31,Agresivo,Monza,324.0,176.1,23,3.86,92.67,35.0,4.82
32,Agresivo,Spa,297.8,175.2,20,3.87,88.54,40.1,4.28
33,Agresivo,Barcelona,307.3,177.5,27,3.88,93.26,35.9,4.18
34,Agresivo,Silverstone,305.2,180.6,21,4.07,89.05,37.0,4.35
35,Agresivo,Interlagos,341.8,162.2,27,4.8,95.97,29.0,4.06
36,Agresivo,Silverstone,301.6,171.1,19,4.68,90.96,30.2,4.8
37,Agresivo,Suzuka,310.1,187.6,28,4.33,93.34,35.8,4.92
38,Agresivo,Monza,341.9,165.5,19,4.69,93.94,30.2,4.14
39,Agresivo,Spa,330.9,167.3,28,4.65,92.04,31.5,4.89
40,Agresivo,Monza,299.6,173.0,22,3.84,90.67,29.8,4.98
41,Agresivo,Spa,332.1,176.3,24,4.36,88.89,41.2,4.63
42,Agresivo,Spa,322.3,183.7,27,4.35,91.44,28.6,4.24
43,Agresivo,Interlagos,343.6,163.0,23,4.01,90.0,29.4,4.74
44,Agresivo,Interlagos,315.3,178.1,20,4.73,89.89,30.3,4.76
45,Agresivo,Spa,339.1,162.6,23,4.58,91.29,37.4,4.68
46,Agresivo,Spa,308.3,182.5,19,4.18,88.31,34.6,4.04
47,Agresivo,Monaco,312.5,183.3,21,4.02,93.28,33.6,4.13
48,Agresivo,Monza,343.3,169.3,28,4.31,93.44,39.8,4.2
49,Agresivo,Monza,300.8,187.2,20,4.38,95.87,28.5,4.52
50,Agresivo,Silverstone,331.4,170.2,27,4.78,88.93,40.6,4.03
51,Equilibrado,Monza,299.2,145.0,18,3.43,98.76,24.7,3.54
52,Equilibrado,Silverstone,287.0,164.0,14,3.5,98.31,19.1,3.72
53,Equilibrado,Barcelona,281.6,153.2,15,3.56,97.44,19.7,3.53
54,Equilibrado,Monaco,297.8,163.1,16,3.46,96.25,25.5,3.24
55,Equilibrado,Spa,286.9,156.6,17,3.26,96.53,24.1,3.41
56,Equilibrado,Interlagos,307.7,160.9,13,3.53,95.27,24.0,3.5
57,Equilibrado,Monza,304.0,160.0,17,3.25,99.45,19.3,3.04
58,Equilibrado,Monaco,294.9,160.4,15,3.33,98.04,19.7,3.56
59,Equilibrado,Monaco,285.6,148.0,17,3.0,99.01,24.9,3.09
60,Equilibrado,Monaco,277.6,161.1,17,3.41,93.4,20.2,3.68
61,Equilibrado,Monaco,273.9,154.3,16,3.79,97.76,26.6,3.71
62,Equilibrado,Barcelona,303.9,162.8,15,3.66,97.38,26.1,3.59
63,Equilibrado,Monaco,287.8,160.0,18,3.51,99.13,22.7,3.5
64,Equilibrado,Silverstone,287.4,159.3,13,3.22,95.56,22.9,3.11
65,Equilibrado,Spa,284.9,148.1,13,3.05,96.26,22.9,3.33
66,Equilibrado,Spa,304.6,152.8,18,3.47,98.56,25.7,3.61
67,Equilibrado,Monaco,289.0,163.9,14,3.6,99.83,26.6,3.34
68,Equilibrado,Suzuka,300.3,161.0,13,3.39,95.18,22.4,3.31
69,Equilibrado,Suzuka,297.9,153.1,13,3.67,100.36,26.8,3.43
70,Equilibrado,Monaco,294.0,158.3,12,3.51,94.09,22.2,3.04
71,Equilibrado,Monaco,282.4,154.1,14,3.61,96.03,24.8,3.67
72,Equilibrado,Silverstone,304.7,154.4,17,3.43,101.0,21.1,3.52
73,Equilibrado,Interlagos,310.1,145.8,12,3.76,94.59,18.2,3.12
74,Equilibrado,Spa,288.8,147.3,13,3.37,95.05,21.3,3.48
75,Equilibrado,Suzuka,299.6,160.6,13,3.77,93.86,18.2,3.25
76,Equilibrado,Suzuka,308.0,152.5,17,3.16,97.74,25.5,3.19
77,Equilibrado,Suzuka,302.0,162.0,16,3.64,99.37,23.1,3.03
78,Equilibrado,Barcelona,286.8,152.4,16,3.52,93.1,21.8,3.39
79,Equilibrado,Monaco,310.3,157.7,18,3.37,94.22,19.6,3.42
80,Equilibrado,Suzuka,279.9,161.2,16,3.62,96.72,25.4,3.47
81,Equilibrado,Silverstone,305.5,161.6,12,3.22,96.61,24.8,3.46
82,Equilibrado,Suzuka,284.7,145.6,18,3.26,96.9,21.2,3.21
83,Equilibrado,Silverstone,306.7,159.0,14,3.44,97.13,19.7,3.19
84,Equilibrado,Monaco,289.5,160.2,17,3.38,98.69,22.0,3.01
85,Equilibrado,Silverstone,277.8,158.8,14,3.53,95.95,23.0,3.28
86,Equilibrado,Suzuka,292.2,152.0,15,3.22,95.01,19.1,3.15
87,Equilibrado,Monza,300.7,164.0,17,3.15,94.73,22.4,3.58
88,Equilibrado,Interlagos,291.1,150.7,12,3.67,95.37,21.2,3.24
89,Equilibrado,Suzuka,291.5,150.5,12,3.44,98.58,19.1,3.69
90,Equilibrado,Monaco,272.5,145.2,14,3.38,96.52,19.7,3.04
91,Equilibrado,Interlagos,289.0,161.4,15,3.39,97.62,24.2,3.12
92,Equilibrado,Interlagos,292.8,151.1,13,3.09,99.12,23.5,3.63
93,Equilibrado,Spa,302.1,152.6,15,3.24,97.71,21.9,3.45
94,Equilibrado,Monza,294.8,159.8,18,3.17,94.69,23.9,3.13
95,Equilibrado,Spa,292.3,148.1,15,3.36,97.75,20.6,3.19
96,Equilibrado,Suzuka,280.4,162.2,12,3.55,100.39,25.1,3.5
97,Equilibrado,Suzuka,303.4,149.0,12,3.44,98.18,26.2,3.66
98,Equilibrado,Monza,270.6,160.9,16,3.6,97.55,20.6,3.1
99,Equilibrado,Suzuka,281.4,153.1,14,3.4,96.95,18.7,3.03
100,Equilibrado,Monaco,300.3,157.1,12,3.07,100.7,25.5,3.46
101,Conservador,Monza,278.0,142.8,9,2.62,107.39,10.6,2.77
102,Conservador,Monaco,275.0,132.0,11,2.49,107.96,17.7,2.72
103,Conservador,Monaco,254.0,142.7,13,2.24,103.53,13.5,2.9
104,Conservador,Monaco,271.3,140.1,10,2.18,101.78,10.0,3.0
105,Conservador,Interlagos,260.5,149.7,12,2.88,104.08,9.5,2.77
106,Conservador,Barcelona,269.2,141.8,13,2.15,101.94,10.2,2.56
107,Conservador,Suzuka,259.4,128.6,12,2.65,101.63,10.4,2.8
108,Conservador,Barcelona,256.7,132.9,13,2.92,104.08,10.1,3.05
109,Conservador,Monaco,275.6,134.4,12,2.35,108.18,17.8,2.52
110,Conservador,Barcelona,247.2,132.2,11,2.56,108.67,16.8,2.55
111,Conservador,Interlagos,272.8,135.5,13,2.56,108.03,11.5,2.57
112,Conservador,Barcelona,262.9,142.5,13,2.23,104.92,12.1,2.8
113,Conservador,Barcelona,255.6,148.5,13,2.27,106.67,14.1,2.51
114,Conservador,Interlagos,256.8,135.0,10,2.73,107.93,12.5,2.9
115,Conservador,Interlagos,265.5,131.3,7,2.21,109.62,12.0,2.39
116,Conservador,Interlagos,257.9,139.6,10,2.11,100.59,16.8,3.17
117,Conservador,Monza,258.9,149.3,9,2.66,103.37,9.7,2.6
118,Conservador,Suzuka,272.9,136.4,9,2.66,108.76,13.4,2.79
119,Conservador,Barcelona,244.5,141.9,9,3.0,107.21,12.9,2.39
120,Conservador,Suzuka,267.3,130.2,8,2.72,108.94,9.4,3.02
121,Conservador,Silverstone,254.9,137.5,8,2.58,105.23,16.1,2.45
122,Conservador,Monza,263.9,136.4,12,2.32,109.04,10.3,2.72
123,Conservador,Silverstone,258.5,142.7,13,2.52,102.16,13.9,2.37
124,Conservador,Silverstone,277.6,134.6,10,2.72,104.03,11.7,3.2
125,Conservador,Interlagos,259.4,133.2,11,2.42,102.25,15.3,2.32
126,Conservador,Interlagos,265.7,134.0,11,2.88,107.56,17.8,3.12
127,Conservador,Suzuka,259.9,147.9,9,2.8,101.53,16.2,2.5
128,Conservador,Spa,264.4,142.9,12,2.79,106.49,10.2,2.39
129,Conservador,Suzuka,265.3,134.8,10,2.13,103.01,10.2,3.12
130,Conservador,Silverstone,268.9,131.9,8,2.81,108.64,12.3,2.75
131,Conservador,Silverstone,271.9,133.7,13,2.95,109.64,11.7,3.08
132,Conservador,Interlagos,246.1,149.2,8,2.78,101.48,15.1,2.91
133,Conservador,Monaco,276.8,145.7,9,2.18,103.34,11.4,2.41
134,Conservador,Silverstone,266.2,142.8,11,2.44,106.02,12.3,2.91
135,Conservador,Monaco,242.9,147.5,11,2.4,105.71,14.8,2.87
136,Conservador,Monaco,274.7,134.6,10,2.21,99.5,9.3,3.2
137,Conservador,Monza,245.5,147.5,8,2.45,103.08,17.5,2.93
138,Conservador,Barcelona,257.1,144.3,8,2.9,106.2,16.5,2.85
139,Conservador,Silverstone,243.2,136.2,10,2.5,101.6,12.3,3.18
140,Conservador,Silverstone,261.6,149.5,9,2.15,102.03,17.7,3.15
141,Conservador,Interlagos,258.4,142.6,12,2.68,109.68,9.5,2.6
142,Conservador,Spa,270.3,132.5,13,2.79,101.28,10.9,3.08
143,Conservador,Silverstone,269.9,145.4,11,2.1,108.44,10.3,2.42
144,Conservador,Silverstone,270.7,130.4,13,2.12,99.16,16.1,2.51
145,Conservador,Silverstone,242.6,133.8,8,2.77,104.79,15.7,2.73
146,Conservador,Interlagos,255.0,141.1,10,2.55,109.4,9.4,3.0
147,Conservador,Interlagos,265.7,134.6,12,2.97,99.67,13.3,2.66
148,Conservador,Suzuka,245.9,143.7,10,2.17,99.89,14.5,2.36
149,Conservador,Silverstone,264.5,140.9,12,2.39,109.94,13.8,2.71
150,Conservador,Barcelona,257.5,145.4,7,2.87,106.16,15.9,2.95
